Date,Source,State,Latitude,Longitude,PM2.5,PM10,NO2,Ozone,SO2,CO,Humidity,WindSpeed,Temperature,Urban ( miles),Suburban(miles),Rural(miles),Urban(trip),Suburban(trip),Rural(trip)
2023-01-01,AirNow,Alabama,33.5530560008695,-86.815,0.11174826604462297,-0.6582717826261086,-0.45327483887020614,-0.33397906675962746,-0.6914813929712944,-0.974676659985565,0.20737394803985607,-0.21159285134884268,-0.08716078787522351,31.75,45.2184,52.9793,4.73359,5.5705,5.52623
2023-02-01,AirNow,Alabama,33.5530560008695,-86.815,0.3868374159405157,-0.7469034888637399,-1.2075386920055584,-1.901847382550053,-0.6624167280711845,-0.18379800693919532,0.8013996073049995,1.1711026414244838,0.0703428506174199,31.75,45.2184,52.9793,4.73359,5.5705,5.52623
2023-03-01,AirNow,Alabama,33.5530560008695,-86.815,-0.6384948700350846,-1.101430313814265,-1.174744611434456,-1.6778661945799924,-0.7205460578714044,-0.974676659985565,1.310564458103694,2.5537981341978098,0.0309669409942594,31.75,45.2184,52.9793,4.73359,5.5705,5.52623
2023-04-01,AirNow,Alabama,33.5530560008695,-86.815,-0.9636002290029578,-0.7469034888637399,0.9787333460679265,-0.22198847277459696,-0.6333520631710745,1.3979592991535443,-1.320120604356227,1.0846841731261505,-0.45466927769139154,31.75,45.2184,52.9793,4.73359,5.5705,5.52623
2023-05-01,AirNow,Alabama,33.5530560008695,-86.815,-1.1136488562188993,-1.0127986075766338,1.2192232702560097,0.0019927151954640693,-0.5752227333708547,2.188837952199914,-1.150398987423329,0.3933364267394874,-1.1765609541160076,31.75,45.2184,52.9793,4.73359,5.5705,5.52623
2023-06-01,AQS,Alabama,33.5530560008695,-86.815,-0.8385597063230066,-0.481008370150846,0.08236181045779745,-0.8939320366847793,-0.6042873982709646,0.6070806461071747,-0.5563733281581854,-1.5942883441221691,-1.4653176246858541,31.75,45.2184,52.9793,4.73359,5.5705,5.52623
2023-07-01,AQS,Alabama,33.5530560008695,-86.815,0.03672395243665248,0.22804527975020422,-1.3387150142899673,-1.1179132246548402,-0.42989940887030514,1.3979592991535443,-0.047208477359491095,-0.21159285134884268,-1.0715585284542455,31.75,45.2184,52.9793,4.73359,5.5705,5.52623
2023-08-01,AQS,Alabama,33.5530560008695,-86.815,0.5118779386204669,-1.101430313814265,1.0443215072101308,-0.7819414426997487,-0.7496107227715142,-0.974676659985565,1.565146883503041,-0.21159285134884268,-1.0321826188310845,31.75,45.2184,52.9793,4.73359,5.5705,5.52623
2023-09-01,AQS,Alabama,33.5530560008695,-86.815,0.7369508794443793,-0.481008370150846,0.9350079053064565,-0.5579602547296885,-0.28457608436975557,-0.18379800693919532,0.5468171819056523,-1.0757775343321716,-1.4653176246858541,31.75,45.2184,52.9793,4.73359,5.5705,5.52623
2023-10-01,AQS,Alabama,33.5530560008695,-86.815,0.3868374159405157,0.13941357351257294,-0.2127849146821229,-1.6778661945799924,-0.42989940887030514,2.188837952199914,0.29223475650630515,-0.12517438305050968,-1.3471898958163715,31.75,45.2184,52.9793,4.73359,5.5705,5.52623
2023-11-01,AQS,Alabama,33.5530560008695,-86.815,0.4618617295484866,-0.30374495767558346,-0.98891148819821,-1.1179132246548402,-0.6624167280711845,0.6070806461071747,1.310564458103694,0.4797548950378204,-0.7434259482612381,31.75,45.2184,52.9793,4.73359,5.5705,5.52623
2023-01-13,AQS,Alabama,33.5530560008695,-86.815,-0.688511079107065,-1.2786937262895275,1.2192232702560097,-1.1179132246548402,-0.7205460578714044,-1.7655553130319348,0.7165387988385504,3.0723089439878075,-1.872202024125183,31.75,45.2184,52.9793,4.73359,5.5705,5.52623
2023-01-14,AQS,Alabama,33.5530560008695,-86.815,-0.8385597063230066,-1.0127986075766338,0.760106142260578,-0.7819414426997487,-0.6914813929712944,-0.974676659985565,-0.47151251969173635,1.0846841731261505,-2.003455056202386,31.75,45.2184,52.9793,4.73359,5.5705,5.52623
2023-01-16,AQS,Alabama,33.5530560008695,-86.815,-0.088316570243299,-0.30374495767558346,-0.43141211848947136,-1.0059226306698097,-0.6042873982709646,2.188837952199914,-0.5563733281581854,1.6031949829161483,-1.1371850444928469,31.75,45.2184,52.9793,4.73359,5.5705,5.52623
2023-01-17,AQS,Alabama,33.5530560008695,-86.815,-0.18834898838725989,-0.481008370150846,0.39937125597845297,-0.7819414426997487,-0.5170934035706349,2.188837952199914,1.2257036496372449,0.047662553546155874,-0.19216321353698593,31.75,45.2184,52.9793,4.73359,5.5705,5.52623
2023-01-18,AQS,Alabama,33.5530560008695,-86.815,-0.1633408838512697,-0.7469034888637399,-0.4204807582991038,0.0019927151954640693,-0.5752227333708547,2.188837952199914,1.395425266570143,2.121705792706145,-0.23153912316014644,31.75,45.2184,52.9793,4.73359,5.5705,5.52623
2023-01-19,AQS,Alabama,33.5530560008695,-86.815,-0.33839761560320153,0.13941357351257294,-0.9342546872463728,-1.3418944126249013,-0.6914813929712944,-0.974676659985565,-0.8109557535575326,2.5537981341978098,-0.5859223097685945,31.75,45.2184,52.9793,4.73359,5.5705,5.52623
2023-01-20,AQS,Alabama,33.5530560008695,-86.815,-0.7385272881790456,-1.3673254325271589,-1.3387150142899673,-0.8939320366847793,-0.6914813929712944,-0.974676659985565,-0.47151251969173635,0.13408102184448883,-1.4653176246858541,31.75,45.2184,52.9793,4.73359,5.5705,5.52623
2023-01-21,AQS,Alabama,33.5530560008695,-86.815,-0.06330846570730862,-1.101430313814265,0.5742730190243315,-1.565875600594962,-0.48802873867052493,-0.974676659985565,-0.3866517112252873,-0.12517438305050968,-1.5046935343090149,31.75,45.2184,52.9793,4.73359,5.5705,5.52623
2023-01-22,AQS,Alabama,33.5530560008695,-86.815,-0.8135516017870162,-1.45595713876479,0.16981269198073692,-0.8939320366847793,-0.6333520631710745,-0.974676659985565,1.8197293089023883,-0.3844297879455086,-1.3603151990240918,31.75,45.2184,52.9793,4.73359,5.5705,5.52623
2023-01-23,AQS,Alabama,33.5530560008695,-86.815,-0.43843003374716244,-0.7469034888637399,-1.1091564502922515,-1.0059226306698097,-0.5461580684707449,-0.18379800693919532,0.46195637343920326,-0.21159285134884268,-1.72782368884026,31.75,45.2184,52.9793,4.73359,5.5705,5.52623
2023-01-25,AQS,Alabama,33.5530560008695,-86.815,-0.7135191836430553,-1.3673254325271589,1.8095167205358509,-1.0059226306698097,-0.6624167280711845,-0.974676659985565,0.6316779903721014,2.5537981341978098,-1.2815633797777701,31.75,45.2184,52.9793,4.73359,5.5705,5.52623
2023-01-26,AQS,Alabama,33.5530560008695,-86.815,-0.03830036117131846,-1.1900620200518963,0.38843989578808535,-0.33397906675962746,-0.6333520631710745,-0.974676659985565,0.12251313957340702,0.9118472365294849,-1.8984526305406237,31.75,45.2184,52.9793,4.73359,5.5705,5.52623
2023-01-27,AQS,Alabama,33.5530560008695,-86.815,-0.43843003374716244,-0.8355351951013712,-0.37675531753763425,-0.33397906675962746,-0.5170934035706349,0.6070806461071747,-0.47151251969173635,0.13408102184448883,-1.7934502048788614,31.75,45.2184,52.9793,4.73359,5.5705,5.52623
2023-01-28,AQS,Alabama,33.5530560008695,-86.815,0.13675637058061313,-0.6582717826261086,-0.005089071065141622,-1.2299038186398707,-0.5170934035706349,0.6070806461071747,-1.4898422212891251,0.7390102999328193,-1.3471898958163715,31.75,45.2184,52.9793,4.73359,5.5705,5.52623
2023-01-29,AQS,Alabama,33.5530560008695,-86.815,0.8619914021243306,-0.5696400763884774,-0.22371627487249007,-1.789856788565023,-0.6042873982709646,-0.974676659985565,1.310564458103694,0.30691795844115477,-1.097809134869686,31.75,45.2184,52.9793,4.73359,5.5705,5.52623
2023-01-02,AQS,Alabama,33.5530560008695,-86.815,-0.788543497251026,-1.1900620200518963,-1.196607331815191,-2.125828570520114,-0.6042873982709646,-0.974676659985565,1.6500076919694902,0.30691795844115477,-2.0165803594101064,31.75,45.2184,52.9793,4.73359,5.5705,5.52623
2023-02-02,AQS,Alabama,33.5530560008695,-86.815,-1.0636326471469189,-1.6332205512400528,-0.7156274834390244,-0.33397906675962746,-0.6333520631710745,-0.974676659985565,2.074311734301735,-0.12517438305050968,-1.9115779337483438,31.75,45.2184,52.9793,4.73359,5.5705,5.52623
2023-03-02,AQS,Alabama,33.5530560008695,-86.815,0.11174826604462297,-0.7469034888637399,1.0005960664486613,-0.5579602547296885,-0.13925275986920602,-0.974676659985565,-0.47151251969173635,0.8254287682311519,-2.082206875448708,31.75,45.2184,52.9793,4.73359,5.5705,5.52623
2023-05-02,AQS,Alabama,33.5530560008695,-86.815,0.23678878872457423,-0.8355351951013712,1.2738800712078464,0.1139833091804938,-0.6333520631710745,-0.18379800693919532,-0.3866517112252873,-0.0387559147521771,-1.1371850444928469,31.75,45.2184,52.9793,4.73359,5.5705,5.52623
2023-07-02,AQS,Alabama,33.5530560008695,-86.815,0.9370157157323015,1.114362342126517,-0.6828334028679219,-0.33397906675962746,1.31398048513629,1.3979592991535443,-1.0655381789568799,0.13408102184448883,-0.5859223097685945,31.75,45.2184,52.9793,4.73359,5.5705,5.52623
2023-08-02,AQS,Alabama,33.5530560008695,-86.815,2.412493883355727,0.49394039846309806,-0.35489259715689947,-0.445969660744658,-0.6042873982709646,0.6070806461071747,0.5468171819056523,0.9982657048278178,-0.008408968628901569,31.75,45.2184,52.9793,4.73359,5.5705,5.52623
2023-09-02,AQS,Alabama,33.5530560008695,-86.815,0.03672395243665248,-0.9241669013390025,-1.6010676588587855,-0.10999787878956643,-0.6333520631710745,-0.974676659985565,-0.30179090275883824,2.813053539092808,-0.4415439744836713,31.75,45.2184,52.9793,4.73359,5.5705,5.52623
2023-10-02,AQS,Alabama,33.5530560008695,-86.815,-0.7635353927150359,-1.1900620200518963,0.760106142260578,-1.1179132246548402,-0.34270541416997535,-0.974676659985565,-0.30179090275883824,0.8254287682311519,-1.1371850444928469,31.75,45.2184,52.9793,4.73359,5.5705,5.52623
2023-11-02,AQS,Alabama,33.5530560008695,-86.815,0.18677257965259392,-1.0127986075766338,1.7329971992032784,-0.8939320366847793,-0.6042873982709646,-1.7655553130319348,0.8013996073049995,2.2945427293028113,-1.5046935343090149,31.75,45.2184,52.9793,4.73359,5.5705,5.52623
2023-12-02,AQS,Alabama,33.5530560008695,-86.815,-0.6384948700350846,-1.3673254325271589,0.355645815216983,0.7859268730906769,-0.5752227333708547,0.6070806461071747,-0.13206928582594016,0.4797548950378204,-1.2159368637391685,31.75,45.2184,52.9793,4.73359,5.5705,5.52623
2023-02-13,AQS,Alabama,33.5530560008695,-86.815,-0.06330846570730862,-0.1264815452003209,-0.6500393222968198,0.7859268730906769,-0.3717700790700853,2.188837952199914,-0.47151251969173635,-0.8165221294371731,-1.1371850444928469,31.75,45.2184,52.9793,4.73359,5.5705,5.52623
2023-02-14,AQS,Alabama,33.5530560008695,-86.815,-0.013292256635328292,1.114362342126517,-1.480822696764744,-1.3418944126249013,-0.4589640737704151,2.188837952199914,-1.0655381789568799,2.2081242610044787,-0.6252982193917554,31.75,45.2184,52.9793,4.73359,5.5705,5.52623
2023-02-15,AQS,Alabama,33.5530560008695,-86.815,-0.288381406531221,-0.9241669013390025,-1.5245481375262138,-1.0059226306698097,-0.6333520631710745,-0.974676659985565,1.9045901173688373,0.9982657048278178,-0.19216321353698593,31.75,45.2184,52.9793,4.73359,5.5705,5.52623
2023-02-16,AQS,Alabama,33.5530560008695,-86.815,0.6119103567644281,-0.30374495767558346,0.7710375024509452,-0.8939320366847793,-0.6333520631710745,-0.974676659985565,1.395425266570143,2.467379665899477,-0.19216321353698593,31.75,45.2184,52.9793,4.73359,5.5705,5.52623
2023-02-17,AQS,Alabama,33.5530560008695,-86.815,-0.8135516017870162,-1.45595713876479,-0.7046961232486569,-0.445969660744658,-0.6333520631710745,-0.974676659985565,0.03765233110695797,2.2945427293028113,-1.7934502048788614,31.75,45.2184,52.9793,4.73359,5.5705,5.52623
2023-02-19,AQS,Alabama,33.5530560008695,-86.815,0.26179689326056443,0.13941357351257294,-0.136265393349551,-0.22198847277459696,-0.5170934035706349,0.6070806461071747,-1.9141462636213704,1.1711026414244838,-0.8878042835461613,31.75,45.2184,52.9793,4.73359,5.5705,5.52623
2023-02-20,AQS,Alabama,33.5530560008695,-86.815,0.6119103567644281,0.4053086922254668,-1.5573422180973158,-0.8939320366847793,-0.6042873982709646,-0.974676659985565,-0.13206928582594016,1.689613451214481,-0.2971656391987481,31.75,45.2184,52.9793,4.73359,5.5705,5.52623
2023-02-21,AQS,Alabama,33.5530560008695,-86.815,0.3868374159405157,-0.1264815452003209,0.20260677255183926,-0.445969660744658,-0.6333520631710745,-0.974676659985565,0.46195637343920326,-0.3844297879455086,0.0703428506174199,31.75,45.2184,52.9793,4.73359,5.5705,5.52623
2023-02-23,AQS,Alabama,33.5530560008695,-86.815,1.487194015524087,0.4053086922254668,-0.43141211848947136,-0.7819414426997487,-0.6042873982709646,-0.18379800693919532,0.03765233110695797,1.3439395780211496,0.792234527042036,31.75,45.2184,52.9793,4.73359,5.5705,5.52623
2023-02-24,AQS,Alabama,33.5530560008695,-86.815,-0.3884138246751821,-0.1264815452003209,-0.6937647630582894,-2.6857815404452663,-0.6333520631710745,-0.18379800693919532,0.46195637343920326,1.0846841731261505,-0.37591745844506985,31.75,45.2184,52.9793,4.73359,5.5705,5.52623
2023-02-25,AQS,Alabama,33.5530560008695,-86.815,-0.26337330199523085,0.22804527975020422,-0.9451860474367402,-2.4618003524752052,-0.6333520631710745,-0.974676659985565,2.2440333512346333,-0.8165221294371731,-0.7434259482612381,31.75,45.2184,52.9793,4.73359,5.5705,5.52623
2023-02-26,AQS,Alabama,33.5530560008695,-86.815,-0.31338951106721114,-0.39237666391321474,1.7876540001551156,0.6739362791056464,-0.5752227333708547,-0.18379800693919532,1.9045901173688373,-0.8165221294371731,-0.4152933680682308,31.75,45.2184,52.9793,4.73359,5.5705,5.52623
2023-02-27,AQS,Alabama,33.5530560008695,-86.815,0.5618941476924477,1.2029940483641484,0.760106142260578,0.8979174670757074,-0.5752227333708547,-0.18379800693919532,-0.13206928582594016,2.6402166024961433,0.0309669409942594,31.75,45.2184,52.9793,4.73359,5.5705,5.52623
2023-02-03,AQS,Alabama,33.5530560008695,-86.815,-1.5137785287947434,-1.1900620200518963,0.7710375024509452,0.3379644971505548,3.755412336745523,-1.7655553130319348,1.480286075036592,0.5661733633361533,-0.15278730391382497,31.75,45.2184,52.9793,4.73359,5.5705,5.52623
2023-04-03,AQS,Alabama,33.5530560008695,-86.815,-1.4137461106507825,-1.3673254325271589,-0.04881451182661155,0.6739362791056464,0.7908165169343114,-0.18379800693919532,-0.9806773704904307,0.5661733633361533,-0.6252982193917554,31.75,45.2184,52.9793,4.73359,5.5705,5.52623
2023-06-03,AQS,Alabama,33.5530560008695,-86.815,1.6372426427400284,2.5324696419286177,-0.60631388153535,1.457870437000859,-0.40083474397019525,0.6070806461071747,-0.8958165620239816,-0.12517438305050968,0.0309669409942594,31.75,45.2184,52.9793,4.73359,5.5705,5.52623
2023-07-03,AQS,Alabama,33.5530560008695,-86.815,1.1120724474842332,1.468889167077042,0.6945179811183733,0.7859268730906769,-0.34270541416997535,-0.974676659985565,-0.9806773704904307,1.1711026414244838,-0.008408968628901569,31.75,45.2184,52.9793,4.73359,5.5705,5.52623
2023-10-03,AQS,Alabama,33.5530560008695,-86.815,0.48686983408447676,0.4053086922254668,-0.7265588436293917,0.22597390316552432,-0.5461580684707449,-0.18379800693919532,-0.30179090275883824,0.8254287682311519,-0.8090524642998396,31.75,45.2184,52.9793,4.73359,5.5705,5.52623
2023-12-03,AQS,Alabama,33.5530560008695,-86.815,-0.6134867654990942,-0.9241669013390025,0.9568706256871913,-0.22198847277459696,-0.5461580684707449,-0.974676659985565,1.1408428411707956,0.9982657048278178,-0.9928067092079235,31.75,45.2184,52.9793,4.73359,5.5705,5.52623
2023-03-13,AQS,Alabama,33.5530560008695,-86.815,-0.9385921244669675,-1.2786937262895275,1.2957427915885815,-0.10999787878956643,-0.42989940887030514,-1.7655553130319348,-0.3866517112252873,1.1711026414244838,-1.5309441407244557,31.75,45.2184,52.9793,4.73359,5.5705,5.52623
2023-03-14,AQS,Alabama,33.5530560008695,-86.815,-0.9886083335389481,-1.101430313814265,-1.404303175432172,0.8979174670757074,-0.11018809496909607,-1.7655553130319348,-0.8109557535575326,0.6525918316344863,-1.859076720917463,31.75,45.2184,52.9793,4.73359,5.5705,5.52623
2023-03-15,AQS,Alabama,33.5530560008695,-86.815,-0.7635353927150359,-0.2151132514379522,-1.3387150142899673,2.5777763768511632,1.4302391447367295,0.6070806461071747,-1.5747030297555742,-0.9029405977355058,-1.4653176246858541,31.75,45.2184,52.9793,4.73359,5.5705,5.52623
2023-03-16,AQS,Alabama,33.5530560008695,-86.815,2.8626397650035513,2.7983647606415114,-1.2621954929573955,-0.8939320366847793,-0.48802873867052493,0.6070806461071747,-2.1687286890207176,1.4303580463194823,-0.8484283739230003,31.75,45.2184,52.9793,4.73359,5.5705,5.52623
2023-03-17,AQS,Alabama,33.5530560008695,-86.815,-0.7385272881790456,-1.0127986075766338,0.7929002228316799,0.44995509113558535,-0.5752227333708547,-0.974676659985565,1.565146883503041,1.689613451214481,-0.9928067092079235,31.75,45.2184,52.9793,4.73359,5.5705,5.52623
2023-03-18,AQS,Alabama,33.5530560008695,-86.815,-1.3637299015788018,-1.3673254325271589,1.0661842275908655,-0.10999787878956643,-0.5170934035706349,0.6070806461071747,-1.320120604356227,1.2575211097228163,-1.6096959599707774,31.75,45.2184,52.9793,4.73359,5.5705,5.52623
2023-03-19,AQS,Alabama,33.5530560008695,-86.815,-1.0386245426109286,-1.101430313814265,-0.1581281137302858,0.5619456851206158,-0.42989940887030514,-0.18379800693919532,-1.404981412822676,0.9982657048278178,-2.226585210733631,31.75,45.2184,52.9793,4.73359,5.5705,5.52623
2023-03-20,AQS,Alabama,33.5530560008695,-86.815,-1.1136488562188993,-0.481008370150846,0.10422453083853261,1.5698610309858896,-0.022994100268766242,-0.974676659985565,-1.7444246466884723,-1.1621960026305047,-1.9772044497869454,31.75,45.2184,52.9793,4.73359,5.5705,5.52623
2023-03-23,AQS,Alabama,33.5530560008695,-86.815,2.187420942531814,1.468889167077042,0.42123397635918775,-0.445969660744658,-0.42989940887030514,1.3979592991535443,-0.5563733281581854,0.9118472365294849,0.42472603722586816,31.75,45.2184,52.9793,4.73359,5.5705,5.52623
2023-03-24,AQS,Alabama,33.5530560008695,-86.815,1.0620562384122527,0.8484672234136232,-1.021705568769312,0.5619456851206158,-0.5170934035706349,-0.974676659985565,-0.21693009429238921,2.7266350707944755,0.5034778564721897,31.75,45.2184,52.9793,4.73359,5.5705,5.52623
2023-03-25,AQS,Alabama,33.5530560008695,-86.815,-0.33839761560320153,0.759835517175992,-0.02695179144587678,0.3379644971505548,-0.5170934035706349,-0.974676659985565,-1.0655381789568799,0.9982657048278178,0.17534527627918234,31.75,45.2184,52.9793,4.73359,5.5705,5.52623
2023-03-26,AQS,Alabama,33.5530560008695,-86.815,-0.13833277931527957,1.114362342126517,1.601820876918869,1.2338892490307982,-0.48802873867052493,-0.18379800693919532,-0.8109557535575326,-0.21159285134884268,0.17534527627918234,31.75,45.2184,52.9793,4.73359,5.5705,5.52623
2023-03-27,AQS,Alabama,33.5530560008695,-86.815,-0.41342192921117227,-0.30374495767558346,0.6835866209280057,1.0099080610607372,-0.48802873867052493,0.6070806461071747,-0.7260949450910835,0.4797548950378204,0.13596936665602136,31.75,45.2184,52.9793,4.73359,5.5705,5.52623
2023-03-28,AQS,Alabama,33.5530560008695,-86.815,-0.33839761560320153,0.3166769859878355,-1.043568289150047,1.457870437000859,0.18045855403200312,-0.974676659985565,-1.320120604356227,1.516776514617815,-0.5990476129763147,31.75,45.2184,52.9793,4.73359,5.5705,5.52623
2023-03-29,AQS,Alabama,33.5530560008695,-86.815,-0.6134867654990942,-0.30374495767558346,-0.35489259715689947,1.6818516249709201,0.2676525487323329,-1.7655553130319348,-2.0838678805542683,-0.29801131964717564,-0.8484283739230003,31.75,45.2184,52.9793,4.73359,5.5705,5.52623
2023-01-04,AQS,Alabama,33.5530560008695,-86.815,-0.7635353927150359,1.8234159920275672,-1.2403327725766604,1.0099080610607372,-0.5170934035706349,-0.974676659985565,-1.6595638382220232,2.8994720073911417,0.0309669409942594,31.75,45.2184,52.9793,4.73359,5.5705,5.52623
2023-03-04,AQS,Alabama,33.5530560008695,-86.815,0.03672395243665248,-0.39237666391321474,-1.819694862666134,-1.565875600594962,-0.19738208966942578,0.6070806461071747,1.310564458103694,0.6525918316344863,-0.23153912316014644,31.75,45.2184,52.9793,4.73359,5.5705,5.52623
2023-04-04,AQS,Alabama,33.5530560008695,-86.815,0.8119751930523502,0.050781867274941654,-1.6775871801913576,-0.33397906675962746,-0.48802873867052493,-0.974676659985565,0.3770955649727542,1.8624503878111467,0.7528586174188755,31.75,45.2184,52.9793,4.73359,5.5705,5.52623
2023-05-04,AQS,Alabama,33.5530560008695,-86.815,0.31181310233254517,-0.39237666391321474,-0.98891148819821,-0.7819414426997487,-0.5170934035706349,-0.974676659985565,0.3770955649727542,1.2575211097228163,0.7266080110034345,31.75,45.2184,52.9793,4.73359,5.5705,5.52623
2023-06-04,AQS,Alabama,33.5530560008695,-86.815,-0.688511079107065,-0.1264815452003209,2.0828007252950362,-1.0059226306698097,-0.31364074926986546,-0.974676659985565,1.480286075036592,0.5661733633361533,-0.113411394290664,31.75,45.2184,52.9793,4.73359,5.5705,5.52623
2023-07-04,AQS,Alabama,33.5530560008695,-86.815,-1.1386569607548898,-1.1900620200518963,2.060938004914301,-0.22198847277459696,-0.5170934035706349,-0.18379800693919532,2.074311734301735,1.4303580463194823,-0.9928067092079235,31.75,45.2184,52.9793,4.73359,5.5705,5.52623
2023-08-04,AQS,Alabama,33.5530560008695,-86.815,-1.8889000968345973,-1.5445888450024214,2.0281439243431993,-0.22198847277459696,-0.4589640737704151,0.6070806461071747,1.7348685004359392,0.7390102999328193,-0.8878042835461613,31.75,45.2184,52.9793,4.73359,5.5705,5.52623
2023-09-04,AQS,Alabama,33.5530560008695,-86.815,-1.3637299015788018,-1.45595713876479,2.181182967008343,1.3458798430158285,1.2267864904359602,1.3979592991535443,0.46195637343920326,-0.9029405977355058,-0.4152933680682308,31.75,45.2184,52.9793,4.73359,5.5705,5.52623
2023-12-04,AQS,Alabama,33.5530560008695,-86.815,0.48686983408447676,2.0006794045028298,-1.6119990190491529,-0.33397906675962746,2.040597107639038,1.3979592991535443,-1.235259795889778,-1.4214514075255034,-0.113411394290664,31.75,45.2184,52.9793,4.73359,5.5705,5.52623
2023-04-14,AQS,Alabama,33.5530560008695,-86.815,-0.6134867654990942,-0.30374495767558346,1.8860362418684222,0.8979174670757074,-0.4589640737704151,-0.18379800693919532,1.6500076919694902,-0.21159285134884268,-0.4021680648605103,31.75,45.2184,52.9793,4.73359,5.5705,5.52623
2023-04-15,AQS,Alabama,33.5530560008695,-86.815,0.03672395243665248,0.13941357351257294,1.3831936731115206,0.44995509113558535,-0.3717700790700853,2.188837952199914,0.3770955649727542,-0.3844297879455086,0.13596936665602136,31.75,45.2184,52.9793,4.73359,5.5705,5.52623
2023-04-16,AQS,Alabama,33.5530560008695,-86.815,-1.263697483434841,-1.101430313814265,1.306674151778949,1.457870437000859,-0.48802873867052493,2.188837952199914,-0.3866517112252873,1.3439395780211496,-0.4809198841068323,31.75,45.2184,52.9793,4.73359,5.5705,5.52623
2023-04-17,AQS,Alabama,33.5530560008695,-86.815,-0.9886083335389481,-0.481008370150846,-1.2621954929573955,1.7938422189559506,-0.4589640737704151,-0.974676659985565,-2.3384503059536157,0.6525918316344863,-0.520295793729993,31.75,45.2184,52.9793,4.73359,5.5705,5.52623
2023-04-19,AQS,Alabama,33.5530560008695,-86.815,0.7369508794443793,2.266574523215724,-1.8087635024757664,2.465785782866133,2.360308421540247,-0.18379800693919532,-1.6595638382220232,-0.0387559147521771,0.09659345703286086,31.75,45.2184,52.9793,4.73359,5.5705,5.52623
2023-04-20,AQS,Alabama,33.5530560008695,-86.815,0.8869995066603208,2.266574523215724,-1.3496463744803349,1.1218986550457677,-0.3717700790700853,-0.18379800693919532,-1.8292854551549214,0.9118472365294849,0.3590995211872667,31.75,45.2184,52.9793,4.73359,5.5705,5.52623
2023-04-21,AQS,Alabama,33.5530560008695,-86.815,0.8869995066603208,0.5825721047007294,-0.4642061990605737,0.7859268730906769,-0.40083474397019525,-0.974676659985565,-0.047208477359491095,1.3439395780211496,0.09659345703286086,31.75,45.2184,52.9793,4.73359,5.5705,5.52623
2023-04-22,AQS,Alabama,33.5530560008695,-86.815,-1.2386893788988507,-0.9241669013390025,-0.23464763506285766,0.3379644971505548,-0.28457608436975557,-0.974676659985565,-0.47151251969173635,0.22049949014282183,-0.2971656391987481,31.75,45.2184,52.9793,4.73359,5.5705,5.52623
2023-04-23,AQS,Alabama,33.5530560008695,-86.815,-1.088640751682909,-0.9241669013390025,-1.1856759716248233,1.1218986550457677,0.15139388913189317,2.188837952199914,-0.8109557535575326,0.13408102184448883,-1.0715585284542455,31.75,45.2184,52.9793,4.73359,5.5705,5.52623
2023-04-24,AQS,Alabama,33.5530560008695,-86.815,-0.9886083335389481,-0.6582717826261086,-0.17999083411102054,1.2338892490307982,-0.16831742476931583,-0.974676659985565,-1.9141462636213704,1.1711026414244838,-0.8090524642998396,31.75,45.2184,52.9793,4.73359,5.5705,5.52623
2023-04-25,AQS,Alabama,33.5530560008695,-86.815,-0.23836519745924045,0.050781867274941654,-0.5079316398220433,-0.445969660744658,1.662756463937609,-0.974676659985565,-1.5747030297555742,-0.9893590660338388,-0.6646741290149162,31.75,45.2184,52.9793,4.73359,5.5705,5.52623
2023-04-26,AQS,Alabama,33.5530560008695,-86.815,0.48686983408447676,0.3166769859878355,-1.2731268531477629,-1.789856788565023,0.936139841434861,-0.18379800693919532,1.6500076919694902,-0.0387559147521771,-0.4809198841068323,31.75,45.2184,52.9793,4.73359,5.5705,5.52623
2023-04-27,AQS,Alabama,33.5530560008695,-86.815,-0.6635029745710748,-0.8355351951013712,-1.1200878104826189,0.1139833091804938,-0.3717700790700853,-0.974676659985565,1.7348685004359392,0.6525918316344863,-0.2971656391987481,31.75,45.2184,52.9793,4.73359,5.5705,5.52623
2023-04-28,AQS,Alabama,33.5530560008695,-86.815,-0.8135516017870162,-0.6582717826261086,0.9350079053064565,0.1139833091804938,-0.40083474397019525,-0.974676659985565,0.8862604157714485,0.4797548950378204,-0.07403548466750302,31.75,45.2184,52.9793,4.73359,5.5705,5.52623
2023-04-29,AQS,Alabama,33.5530560008695,-86.815,-0.7635353927150359,-0.481008370150846,1.339468232350051,0.5619456851206158,1.7499504586379389,-0.974676659985565,0.7165387988385504,-0.8165221294371731,-0.113411394290664,31.75,45.2184,52.9793,4.73359,5.5705,5.52623
2023-04-30,AQS,Alabama,33.5530560008695,-86.815,-0.6134867654990942,-0.5696400763884774,0.8366256635931499,0.8979174670757074,-0.42989940887030514,-0.18379800693919532,-0.6412341366246345,1.2575211097228163,-0.4809198841068323,31.75,45.2184,52.9793,4.73359,5.5705,5.52623
2023-01-05,AQS,Alabama,33.5530560008695,-86.815,-1.0386245426109286,-0.481008370150846,0.29005765407477874,1.3458798430158285,-0.2555114194696457,0.6070806461071747,-1.8292854551549214,1.0846841731261505,-0.559671703353154,31.75,45.2184,52.9793,4.73359,5.5705,5.52623
2023-02-05,AQS,Alabama,33.5530560008695,-86.815,-1.0636326471469189,0.050781867274941654,-1.141950530863354,0.8979174670757074,-0.22644675456953572,-0.18379800693919532,-1.9990070720878195,1.0846841731261505,-0.520295793729993,31.75,45.2184,52.9793,4.73359,5.5705,5.52623
2023-03-05,AQS,Alabama,33.5530560008695,-86.815,-0.7385272881790456,0.759835517175992,-1.1528818910537213,1.457870437000859,-0.28457608436975557,-0.974676659985565,-1.6595638382220232,0.13408102184448883,-0.4415439744836713,31.75,45.2184,52.9793,4.73359,5.5705,5.52623
2023-05-05,AQS,Alabama,33.5530560008695,-86.815,0.4618617295484866,-0.2151132514379522,-0.8905292464849031,0.3379644971505548,0.616428527533652,-0.974676659985565,1.1408428411707956,0.3933364267394874,-0.3365415488219089,31.75,45.2184,52.9793,4.73359,5.5705,5.52623
2023-06-05,AQS,Alabama,33.5530560008695,-86.815,1.0620562384122527,-0.03784983896268963,0.6617239005472709,0.3379644971505548,3.5519596824447537,-0.974676659985565,0.12251313957340702,0.9118472365294849,0.42472603722586816,31.75,45.2184,52.9793,4.73359,5.5705,5.52623
2023-09-05,AQS,Alabama,33.5530560008695,-86.815,1.2121048656281943,0.5825721047007294,-0.98891148819821,0.6739362791056464,-0.40083474397019525,-0.18379800693919532,-0.21693009429238921,0.8254287682311519,0.7659839206265955,31.75,45.2184,52.9793,4.73359,5.5705,5.52623
2023-10-05,AQS,Alabama,33.5530560008695,-86.815,1.387161597380126,0.13941357351257294,-0.6391079621064523,0.3379644971505548,-0.42989940887030514,-0.974676659985565,0.6316779903721014,0.22049949014282183,0.7528586174188755,31.75,45.2184,52.9793,4.73359,5.5705,5.52623
2023-11-05,AQS,Alabama,33.5530560008695,-86.815,1.8373074790279507,0.3166769859878355,0.13701861140963456,1.3458798430158285,0.936139841434861,-0.974676659985565,-0.047208477359491095,-0.5572667245421742,1.0809911976118827,31.75,45.2184,52.9793,4.73359,5.5705,5.52623
2023-12-05,AQS,Alabama,33.5530560008695,-86.815,0.6369184613004182,-0.7469034888637399,-0.07067723220734631,0.6739362791056464,-0.28457608436975557,-0.18379800693919532,0.3770955649727542,0.3933364267394874,0.7659839206265955,31.75,45.2184,52.9793,4.73359,5.5705,5.52623
2023-05-13,AQS,Alabama,33.5530560008695,-86.815,1.4371778064521066,-0.5696400763884774,-0.6281766019160848,0.1139833091804938,2.2731144268399173,0.6070806461071747,1.0559820327043465,1.689613451214481,0.687232101380274,31.75,45.2184,52.9793,4.73359,5.5705,5.52623
2023-05-14,AQS,Alabama,33.5530560008695,-86.815,0.7119427749083892,-0.1264815452003209,-0.3876866777280014,0.22597390316552432,2.360308421540247,-0.18379800693919532,1.9045901173688373,-0.4708482562438416,0.3853501276027072,31.75,45.2184,52.9793,4.73359,5.5705,5.52623
2023-05-15,AQS,Alabama,33.5530560008695,-86.815,0.26179689326056443,-0.03784983896268963,0.47589077731102486,-0.8939320366847793,-0.19738208966942578,-0.18379800693919532,0.6316779903721014,-1.0757775343321716,0.7266080110034345,31.75,45.2184,52.9793,4.73359,5.5705,5.52623
2023-05-16,AQS,Alabama,33.5530560008695,-86.815,0.33682120686853534,-0.1264815452003209,-0.4860689194413085,-0.33397906675962746,-0.16831742476931583,0.6070806461071747,0.20737394803985607,-0.9029405977355058,1.0547405911964418,31.75,45.2184,52.9793,4.73359,5.5705,5.52623
2023-05-17,AQS,Alabama,33.5530560008695,-86.815,1.0370481338762627,-0.481008370150846,-1.458959976384009,-0.445969660744658,0.12232922423178334,0.6070806461071747,0.6316779903721014,-0.5572667245421742,1.1597430168582041,31.75,45.2184,52.9793,4.73359,5.5705,5.52623
2023-05-18,AQS,Alabama,33.5530560008695,-86.815,0.3868374159405157,-0.6582717826261086,-1.5792049384780509,-1.0059226306698097,-0.31364074926986546,-0.974676659985565,0.7165387988385504,-0.21159285134884268,0.9759887719501203,31.75,45.2184,52.9793,4.73359,5.5705,5.52623
2023-05-19,AQS,Alabama,33.5530560008695,-86.815,-0.11332467477928918,-0.8355351951013712,-0.967048767817475,0.0019927151954640693,-0.3717700790700853,-0.974676659985565,0.3770955649727542,-0.5572667245421742,0.687232101380274,31.75,45.2184,52.9793,4.73359,5.5705,5.52623
2023-05-20,AQS,Alabama,33.5530560008695,-86.815,0.18677257965259392,-0.6582717826261086,-1.0544996493404144,-0.10999787878956643,1.575562469237279,0.6070806461071747,0.5468171819056523,0.8254287682311519,0.6478561917571131,31.75,45.2184,52.9793,4.73359,5.5705,5.52623
2023-05-22,AQS,Alabama,33.5530560008695,-86.815,-0.088316570243299,0.3166769859878355,1.284811431398214,0.5619456851206158,-0.3717700790700853,-0.974676659985565,1.6500076919694902,0.8254287682311519,0.42472603722586816,31.75,45.2184,52.9793,4.73359,5.5705,5.52623
2023-05-23,AQS,Alabama,33.5530560008695,-86.815,2.462510092427707,0.3166769859878355,0.8584883839738846,1.3458798430158285,-0.34270541416997535,0.6070806461071747,-0.3866517112252873,0.4797548950378204,0.42472603722586816,31.75,45.2184,52.9793,4.73359,5.5705,5.52623
2023-05-24,AQS,Alabama,33.5530560008695,-86.815,2.037372315315873,1.2029940483641484,1.3285368721596835,0.3379644971505548,-0.13925275986920602,1.3979592991535443,-0.047208477359491095,0.6525918316344863,0.569104372510791,31.75,45.2184,52.9793,4.73359,5.5705,5.52623
2023-05-25,AQS,Alabama,33.5530560008695,-86.815,2.2624452561397845,1.734784285789936,-0.5079316398220433,1.0099080610607372,-0.34270541416997535,0.6070806461071747,0.7165387988385504,0.6525918316344863,0.25409709552550425,31.75,45.2184,52.9793,4.73359,5.5705,5.52623
2023-05-26,AQS,Alabama,33.5530560008695,-86.815,2.437501987891716,1.5575208733146735,-1.4261658958129069,1.6818516249709201,2.563761075841016,-0.18379800693919532,-0.8958165620239816,0.22049949014282183,0.5428537660953506,31.75,45.2184,52.9793,4.73359,5.5705,5.52623
2023-05-28,AQS,Alabama,33.5530560008695,-86.815,2.76260734685959,-0.30374495767558346,0.9568706256871913,1.2338892490307982,1.2267864904359602,-0.974676659985565,-0.47151251969173635,-0.21159285134884268,0.5428537660953506,31.75,45.2184,52.9793,4.73359,5.5705,5.52623
2023-05-29,AQS,Alabama,33.5530560008695,-86.815,0.7119427749083892,-0.9241669013390025,0.07143045026743026,1.1218986550457677,3.639153677145084,-0.18379800693919532,-1.150398987423329,-0.21159285134884268,0.6084802821339521,31.75,45.2184,52.9793,4.73359,5.5705,5.52623
2023-05-30,AQS,Alabama,33.5530560008695,-86.815,-0.26337330199523085,-0.2151132514379522,0.8256943034027823,-1.2299038186398707,0.15139388913189317,-0.18379800693919532,-1.0655381789568799,0.5661733633361533,0.42472603722586816,31.75,45.2184,52.9793,4.73359,5.5705,5.52623
2023-05-31,AQS,Alabama,33.5530560008695,-86.815,-0.46343813828315283,0.49394039846309806,0.3119203744555135,0.0019927151954640693,-0.13925275986920602,-0.18379800693919532,0.03765233110695797,-0.4708482562438416,0.17534527627918234,31.75,45.2184,52.9793,4.73359,5.5705,5.52623
2023-01-06,AQS,Alabama,33.5530560008695,-86.815,0.08674016150863281,0.050781867274941654,1.0333901470197635,1.1218986550457677,3.5228950175446436,-0.18379800693919532,-0.21693009429238921,-1.0757775343321716,0.5034778564721897,31.75,45.2184,52.9793,4.73359,5.5705,5.52623
2023-03-06,AQS,Alabama,33.5530560008695,-86.815,0.8369832975883404,0.5825721047007294,1.4597131944440929,0.8979174670757074,3.7844770016456333,0.6070806461071747,-0.13206928582594016,-0.0387559147521771,0.8709863462883579,31.75,45.2184,52.9793,4.73359,5.5705,5.52623
2023-04-06,AQS,Alabama,33.5530560008695,-86.815,0.7119427749083892,1.114362342126517,0.29005765407477874,2.465785782866133,2.8253430599420057,-0.18379800693919532,-0.21693009429238921,-0.7301036611388401,1.0153646815732813,31.75,45.2184,52.9793,4.73359,5.5705,5.52623
2023-06-13,AQS,Alabama,33.5530560008695,-86.815,1.7122669563479993,0.3166769859878355,-0.23464763506285766,1.7938422189559506,-0.28457608436975557,-0.974676659985565,-0.13206928582594016,1.3439395780211496,1.3041213521431276,31.75,45.2184,52.9793,4.73359,5.5705,5.52623
2023-06-14,AQS,Alabama,33.5530560008695,-86.815,0.9870319248042818,-0.481008370150846,0.9240765451160894,1.3458798430158285,-0.28457608436975557,-0.974676659985565,0.03765233110695797,0.22049949014282183,0.5428537660953506,31.75,45.2184,52.9793,4.73359,5.5705,5.52623
2023-06-15,AQS,Alabama,33.5530560008695,-86.815,1.6372426427400284,-0.7469034888637399,0.12608725121926737,-0.33397906675962746,0.06419989443156346,-0.974676659985565,-0.5563733281581854,-0.5572667245421742,0.5034778564721897,31.75,45.2184,52.9793,4.73359,5.5705,5.52623
2023-06-16,AQS,Alabama,33.5530560008695,-86.815,0.5118779386204669,-0.30374495767558346,-1.1310191706729862,0.0019927151954640693,-0.7786753876716241,-0.18379800693919532,1.6500076919694902,-0.4708482562438416,0.7266080110034345,31.75,45.2184,52.9793,4.73359,5.5705,5.52623
2023-06-17,AQS,Alabama,33.5530560008695,-86.815,0.23678878872457423,0.3166769859878355,-0.09253995258808108,2.465785782866133,-0.7786753876716241,1.3979592991535443,1.480286075036592,-0.6436851928405072,0.8578610430806374,31.75,45.2184,52.9793,4.73359,5.5705,5.52623
2023-06-18,AQS,Alabama,33.5530560008695,-86.815,0.5618941476924477,0.050781867274941654,-0.8905292464849031,2.6897669708361938,-0.7786753876716241,-0.974676659985565,0.20737394803985607,-0.9893590660338388,0.9759887719501203,31.75,45.2184,52.9793,4.73359,5.5705,5.52623
2023-06-19,AQS,Alabama,33.5530560008695,-86.815,1.562218329132058,-0.7469034888637399,-0.3330298767761643,0.3379644971505548,-0.6914813929712944,-0.974676659985565,-0.3866517112252873,-1.0757775343321716,1.0809911976118827,31.75,45.2184,52.9793,4.73359,5.5705,5.52623
2023-06-20,AQS,Alabama,33.5530560008695,-86.815,2.2624452561397845,-0.39237666391321474,0.6945179811183733,0.8979174670757074,-0.7496107227715142,-0.974676659985565,0.12251313957340702,0.9982657048278178,0.9366128623269594,31.75,45.2184,52.9793,4.73359,5.5705,5.52623
2023-06-21,AQS,Alabama,33.5530560008695,-86.815,0.08674016150863281,-0.8355351951013712,0.2572635735036764,0.8979174670757074,-0.6333520631710745,-0.18379800693919532,0.3770955649727542,0.3933364267394874,0.9759887719501203,31.75,45.2184,52.9793,4.73359,5.5705,5.52623
2023-06-22,AQS,Alabama,33.5530560008695,-86.815,0.2117806841885841,-1.1900620200518963,-0.005089071065141622,-1.1179132246548402,-0.6333520631710745,0.6070806461071747,0.9711212242378976,-0.21159285134884268,0.8578610430806374,31.75,45.2184,52.9793,4.73359,5.5705,5.52623
2023-06-23,AQS,Alabama,33.5530560008695,-86.815,-0.8635678108589968,-0.03784983896268963,-0.24557899525322524,-1.0059226306698097,-0.6624167280711845,1.3979592991535443,1.8197293089023883,0.8254287682311519,0.8709863462883579,31.75,45.2184,52.9793,4.73359,5.5705,5.52623
2023-06-24,AQS,Alabama,33.5530560008695,-86.815,-1.1136488562188993,1.2029940483641484,0.9568706256871913,0.1139833091804938,-0.6624167280711845,0.6070806461071747,1.2257036496372449,-0.9029405977355058,0.7134827077957145,31.75,45.2184,52.9793,4.73359,5.5705,5.52623
2023-06-25,AQS,Alabama,33.5530560008695,-86.815,-0.41342192921117227,0.3166769859878355,1.9297616826298918,2.1298140009110416,-0.6624167280711845,-0.974676659985565,0.20737394803985607,-0.9029405977355058,0.8578610430806374,31.75,45.2184,52.9793,4.73359,5.5705,5.52623
2023-06-26,AQS,Alabama,33.5530560008695,-86.815,2.187420942531814,-0.2151132514379522,0.9022138247353542,0.22597390316552432,-0.6914813929712944,-0.18379800693919532,-0.30179090275883824,-0.5572667245421742,1.0809911976118827,31.75,45.2184,52.9793,4.73359,5.5705,5.52623
2023-06-27,AQS,Alabama,33.5530560008695,-86.815,1.7622831654199795,1.5575208733146735,-0.11440267296881586,0.22597390316552432,-0.7205460578714044,0.6070806461071747,0.8862604157714485,0.7390102999328193,1.1991189264813653,31.75,45.2184,52.9793,4.73359,5.5705,5.52623
2023-06-28,AQS,Alabama,33.5530560008695,-86.815,0.7869670885163601,2.089311110740461,-0.5953825213449827,1.457870437000859,-0.5461580684707449,1.3979592991535443,-0.21693009429238921,0.30691795844115477,1.0809911976118827,31.75,45.2184,52.9793,4.73359,5.5705,5.52623
2023-06-29,AQS,Alabama,33.5530560008695,-86.815,1.9623480017079018,1.468889167077042,-1.3605777346707024,1.5698610309858896,-0.6333520631710745,0.6070806461071747,-0.5563733281581854,-0.9029405977355058,1.0809911976118827,31.75,45.2184,52.9793,4.73359,5.5705,5.52623
2023-03-07,AQS,Alabama,33.5530560008695,-86.815,1.6122345382040382,-0.2151132514379522,-0.737490203819759,-0.445969660744658,-0.6914813929712944,-0.18379800693919532,1.2257036496372449,-0.3844297879455086,1.3434972617662886,31.75,45.2184,52.9793,4.73359,5.5705,5.52623
2023-04-07,AQS,Alabama,33.5530560008695,-86.815,1.2371129701641843,0.5825721047007294,-1.0107742085789446,-0.669950848714719,-0.6914813929712944,-0.18379800693919532,0.9711212242378976,-0.29801131964717564,1.2253695328968057,31.75,45.2184,52.9793,4.73359,5.5705,5.52623
2023-05-07,AQS,Alabama,33.5530560008695,-86.815,0.011715847900661873,-0.2151132514379522,-0.7812156445812288,-0.22198847277459696,-0.7205460578714044,-0.974676659985565,1.9045901173688373,-0.5572667245421742,1.0941165008196028,31.75,45.2184,52.9793,4.73359,5.5705,5.52623
2023-06-07,AQS,Alabama,33.5530560008695,-86.815,0.3868374159405157,-0.5696400763884774,-1.4480286161936415,-0.669950848714719,-0.4589640737704151,-0.974676659985565,1.1408428411707956,-1.3350329392271703,1.0809911976118827,31.75,45.2184,52.9793,4.73359,5.5705,5.52623
2023-07-07,AQS,Alabama,33.5530560008695,-86.815,1.4621859109880968,-0.8355351951013712,-0.7702842843908615,0.1139833091804938,-0.42989940887030514,-0.974676659985565,0.8013996073049995,-1.1621960026305047,1.382873171389449,31.75,45.2184,52.9793,4.73359,5.5705,5.52623
2023-08-07,AQS,Alabama,33.5530560008695,-86.815,0.48686983408447676,-0.9241669013390025,0.49775349769175964,0.22597390316552432,-0.6914813929712944,-1.7655553130319348,1.1408428411707956,-0.6436851928405072,1.3434972617662886,31.75,45.2184,52.9793,4.73359,5.5705,5.52623
2023-09-07,AQS,Alabama,33.5530560008695,-86.815,-0.03830036117131846,-1.1900620200518963,-0.0816085923977139,-0.10999787878956643,-0.6333520631710745,-0.974676659985565,1.1408428411707956,-0.9893590660338388,1.3041213521431276,31.75,45.2184,52.9793,4.73359,5.5705,5.52623
2023-10-07,AQS,Alabama,33.5530560008695,-86.815,0.31181310233254517,-1.2786937262895275,-0.9342546872463728,0.0019927151954640693,-0.40083474397019525,-0.18379800693919532,1.1408428411707956,-0.29801131964717564,1.1203671072350432,31.75,45.2184,52.9793,4.73359,5.5705,5.52623
2023-11-07,AQS,Alabama,33.5530560008695,-86.815,-0.5634705564271137,0.13941357351257294,-1.021705568769312,-0.10999787878956643,-0.7205460578714044,0.6070806461071747,0.9711212242378976,-0.9893590660338388,0.9366128623269594,31.75,45.2184,52.9793,4.73359,5.5705,5.52623
2023-12-07,AQS,Alabama,33.5530560008695,-86.815,-0.8885759153949871,-0.03784983896268963,-0.8905292464849031,0.5619456851206158,-0.5461580684707449,-0.974676659985565,0.5468171819056523,-0.3844297879455086,0.9366128623269594,31.75,45.2184,52.9793,4.73359,5.5705,5.52623
2023-07-13,AQS,Alabama,33.5530560008695,-86.815,0.08674016150863281,-0.9241669013390025,-0.09253995258808108,0.0019927151954640693,-0.6042873982709646,-0.18379800693919532,0.29223475650630515,-1.3350329392271703,0.9103622559115189,31.75,45.2184,52.9793,4.73359,5.5705,5.52623
2023-07-14,AQS,Alabama,33.5530560008695,-86.815,0.7619589839803694,-0.6582717826261086,1.077115587781233,-1.2299038186398707,0.5873638626335419,-0.974676659985565,0.3770955649727542,0.047662553546155874,1.2384948361045263,31.75,45.2184,52.9793,4.73359,5.5705,5.52623
2023-07-15,AQS,Alabama,33.5530560008695,-86.815,0.43685362501249647,-0.8355351951013712,0.3119203744555135,-1.1179132246548402,-0.7205460578714044,-0.18379800693919532,0.9711212242378976,-0.3844297879455086,1.2647454425199667,31.75,45.2184,52.9793,4.73359,5.5705,5.52623
2023-07-16,AQS,Alabama,33.5530560008695,-86.815,0.48686983408447676,-0.2151132514379522,-0.5953825213449827,-0.445969660744658,-0.7496107227715142,1.3979592991535443,1.565146883503041,-0.8165221294371731,1.3434972617662886,31.75,45.2184,52.9793,4.73359,5.5705,5.52623
2023-07-19,AQS,Alabama,33.5530560008695,-86.815,0.2117806841885841,0.050781867274941654,-0.9451860474367402,-0.10999787878956643,-0.6914813929712944,-0.18379800693919532,0.3770955649727542,-1.3350329392271703,1.1597430168582041,31.75,45.2184,52.9793,4.73359,5.5705,5.52623
2023-07-20,AQS,Alabama,33.5530560008695,-86.815,0.4118455204765063,1.468889167077042,-1.2403327725766604,-0.445969660744658,-0.40083474397019525,-0.18379800693919532,0.8013996073049995,-0.5572667245421742,1.3041213521431276,31.75,45.2184,52.9793,4.73359,5.5705,5.52623
2023-07-21,AQS,Alabama,33.5530560008695,-86.815,0.9120076111963114,0.8484672234136232,0.5742730190243315,-0.7819414426997487,-0.4589640737704151,-0.974676659985565,1.9045901173688373,-0.21159285134884268,0.792234527042036,31.75,45.2184,52.9793,4.73359,5.5705,5.52623
2023-07-23,AQS,Alabama,33.5530560008695,-86.815,2.7375992423236,-0.481008370150846,0.4868221375013924,-0.22198847277459696,-0.16831742476931583,-0.18379800693919532,1.1408428411707956,-0.21159285134884268,1.2384948361045263,31.75,45.2184,52.9793,4.73359,5.5705,5.52623
2023-07-25,AQS,Alabama,33.5530560008695,-86.815,2.2624452561397845,1.734784285789936,1.2192232702560097,0.8979174670757074,2.389373086440357,0.6070806461071747,0.3770955649727542,-0.8165221294371731,1.0153646815732813,31.75,45.2184,52.9793,4.73359,5.5705,5.52623
2023-07-26,AQS,Alabama,33.5530560008695,-86.815,2.312461465211765,1.734784285789936,0.34471445502661585,0.6739362791056464,-0.5461580684707449,1.3979592991535443,0.46195637343920326,-1.680706812420502,0.9759887719501203,31.75,45.2184,52.9793,4.73359,5.5705,5.52623
2023-07-27,AQS,Alabama,33.5530560008695,-86.815,2.4875181969636975,2.0006794045028298,-0.2127849146821229,0.8979174670757074,-0.5752227333708547,1.3979592991535443,0.46195637343920326,-1.3350329392271703,1.2253695328968057,31.75,45.2184,52.9793,4.73359,5.5705,5.52623
2023-07-28,AQS,Alabama,33.5530560008695,-86.815,0.7619589839803694,1.0257306358888858,0.41030261616882013,1.457870437000859,-0.4589640737704151,0.6070806461071747,0.20737394803985607,-0.9893590660338388,1.3041213521431276,31.75,45.2184,52.9793,4.73359,5.5705,5.52623
2023-07-29,AQS,Alabama,33.5530560008695,-86.815,0.03672395243665248,0.4053086922254668,0.33378309483624824,0.44995509113558535,-0.5461580684707449,0.6070806461071747,0.12251313957340702,-1.4214514075255034,1.5272515066743726,31.75,45.2184,52.9793,4.73359,5.5705,5.52623
2023-07-30,AQS,Alabama,33.5530560008695,-86.815,0.16176447511660375,-0.1264815452003209,0.09329317064816503,-0.445969660744658,-0.4589640737704151,0.6070806461071747,0.6316779903721014,-1.3350329392271703,1.5272515066743726,31.75,45.2184,52.9793,4.73359,5.5705,5.52623
2023-07-31,AQS,Alabama,33.5530560008695,-86.815,0.48686983408447676,-0.481008370150846,0.46495941712065725,-0.10999787878956643,-0.5461580684707449,-0.18379800693919532,0.5468171819056523,-0.9029405977355058,1.5272515066743726,31.75,45.2184,52.9793,4.73359,5.5705,5.52623
2023-01-08,AQS,Alabama,33.5530560008695,-86.815,1.1120724474842332,-0.1264815452003209,-0.3439612369665319,0.7859268730906769,-0.6042873982709646,-0.18379800693919532,0.6316779903721014,-0.29801131964717564,1.40912377780489,31.75,45.2184,52.9793,4.73359,5.5705,5.52623
2023-02-08,AQS,Alabama,33.5530560008695,-86.815,-0.06330846570730862,0.050781867274941654,-0.7156274834390244,0.6739362791056464,-0.48802873867052493,-0.18379800693919532,-0.3866517112252873,-0.3844297879455086,1.2384948361045263,31.75,45.2184,52.9793,4.73359,5.5705,5.52623
2023-03-08,AQS,Alabama,33.5530560008695,-86.815,-0.18834898838725989,-0.2151132514379522,-0.5735198009642477,1.2338892490307982,-0.6042873982709646,-0.18379800693919532,-0.6412341366246345,-0.0387559147521771,1.2253695328968057,31.75,45.2184,52.9793,4.73359,5.5705,5.52623
2023-04-08,AQS,Alabama,33.5530560008695,-86.815,-0.013292256635328292,-0.6582717826261086,0.5086848578821271,-0.10999787878956643,-0.3717700790700853,-0.18379800693919532,0.12251313957340702,-1.3350329392271703,1.0547405911964418,31.75,45.2184,52.9793,4.73359,5.5705,5.52623
2023-05-08,AQS,Alabama,33.5530560008695,-86.815,0.48686983408447676,-0.6582717826261086,-0.24557899525322524,0.8979174670757074,1.4883684745369494,-0.974676659985565,1.6500076919694902,-0.9029405977355058,1.1203671072350432,31.75,45.2184,52.9793,4.73359,5.5705,5.52623
2023-06-08,AQS,Alabama,33.5530560008695,-86.815,0.286804997796555,-0.7469034888637399,-1.1310191706729862,0.44995509113558535,0.5582991977334321,-0.18379800693919532,1.9045901173688373,-0.9029405977355058,0.9759887719501203,31.75,45.2184,52.9793,4.73359,5.5705,5.52623
2023-07-08,AQS,Alabama,33.5530560008695,-86.815,-0.013292256635328292,0.050781867274941654,-0.39861803791836903,-0.669950848714719,-0.42989940887030514,0.6070806461071747,1.1408428411707956,-0.7301036611388401,1.2253695328968057,31.75,45.2184,52.9793,4.73359,5.5705,5.52623
2023-08-08,AQS,Alabama,33.5530560008695,-86.815,0.2117806841885841,-0.5696400763884774,0.14794997160000214,-1.1179132246548402,-0.48802873867052493,0.6070806461071747,1.7348685004359392,-0.4708482562438416,1.2647454425199667,31.75,45.2184,52.9793,4.73359,5.5705,5.52623
2023-09-08,AQS,Alabama,33.5530560008695,-86.815,-0.3884138246751821,0.3166769859878355,0.005842289125225568,-0.5579602547296885,-0.5752227333708547,-0.974676659985565,1.9894509258352864,-0.8165221294371731,1.0547405911964418,31.75,45.2184,52.9793,4.73359,5.5705,5.52623
2023-10-08,AQS,Alabama,33.5530560008695,-86.815,0.7369508794443793,-0.8355351951013712,-0.7156274834390244,0.22597390316552432,-0.5461580684707449,-0.18379800693919532,1.8197293089023883,-1.4214514075255034,0.687232101380274,31.75,45.2184,52.9793,4.73359,5.5705,5.52623
2023-11-08,AQS,Alabama,33.5530560008695,-86.815,-0.31338951106721114,-0.5696400763884774,-0.4095493981087366,1.0099080610607372,0.15139388913189317,0.6070806461071747,1.9045901173688373,-0.8165221294371731,0.831610436665197,31.75,45.2184,52.9793,4.73359,5.5705,5.52623
2023-12-08,AQS,Alabama,33.5530560008695,-86.815,-0.7635353927150359,-0.30374495767558346,-1.3168522939092326,0.0019927151954640693,-0.22644675456953572,-0.18379800693919532,1.395425266570143,0.30691795844115477,0.9366128623269594,31.75,45.2184,52.9793,4.73359,5.5705,5.52623
2023-08-13,AQS,Alabama,33.5530560008695,-86.815,-0.11332467477928918,-0.481008370150846,-0.4642061990605737,-0.8939320366847793,-0.48802873867052493,-0.974676659985565,1.1408428411707956,-0.7301036611388401,1.382873171389449,31.75,45.2184,52.9793,4.73359,5.5705,5.52623
2023-08-14,AQS,Alabama,33.5530560008695,-86.815,0.8369832975883404,0.13941357351257294,-0.16905947392065296,-1.0059226306698097,-0.28457608436975557,-0.974676659985565,1.6500076919694902,-0.9893590660338388,1.2647454425199667,31.75,45.2184,52.9793,4.73359,5.5705,5.52623
2023-08-15,AQS,Alabama,33.5530560008695,-86.815,0.13675637058061313,-0.6582717826261086,0.09329317064816503,-0.669950848714719,-0.40083474397019525,-0.18379800693919532,1.6500076919694902,-0.8165221294371731,1.4484996874280505,31.75,45.2184,52.9793,4.73359,5.5705,5.52623
2023-08-19,AQS,Alabama,33.5530560008695,-86.815,2.1374047334598334,0.6712038109383607,0.38843989578808535,0.6739362791056464,-0.13925275986920602,-0.18379800693919532,0.8013996073049995,-1.1621960026305047,0.687232101380274,31.75,45.2184,52.9793,4.73359,5.5705,5.52623
2023-08-22,AQS,Alabama,33.5530560008695,-86.815,1.3121372837721552,2.355206229453355,0.760106142260578,0.22597390316552432,-0.16831742476931583,-0.18379800693919532,0.46195637343920326,-0.7301036611388401,1.1597430168582041,31.75,45.2184,52.9793,4.73359,5.5705,5.52623
2023-08-23,AQS,Alabama,33.5530560008695,-86.815,-0.23836519745924045,2.886996466879143,-0.0816085923977139,1.0099080610607372,-0.34270541416997535,0.6070806461071747,0.5468171819056523,-1.1621960026305047,1.382873171389449,31.75,45.2184,52.9793,4.73359,5.5705,5.52623
2023-08-25,AQS,Alabama,33.5530560008695,-86.815,-0.1633408838512697,2.1779428169780926,-0.2783730758243272,1.3458798430158285,0.09326455933167341,0.6070806461071747,0.20737394803985607,-1.0757775343321716,1.592878022712974,31.75,45.2184,52.9793,4.73359,5.5705,5.52623
2023-08-27,AQS,Alabama,33.5530560008695,-86.815,0.16176447511660375,0.3166769859878355,-0.6937647630582894,0.3379644971505548,-0.2555114194696457,-0.974676659985565,0.3770955649727542,-1.5942883441221691,1.632253932336135,31.75,45.2184,52.9793,4.73359,5.5705,5.52623
2023-08-28,AQS,Alabama,33.5530560008695,-86.815,0.8619914021243306,0.13941357351257294,-0.5844511611546152,0.22597390316552432,-0.34270541416997535,-0.974676659985565,0.03765233110695797,-1.0757775343321716,1.632253932336135,31.75,45.2184,52.9793,4.73359,5.5705,5.52623
2023-08-30,AQS,Alabama,33.5530560008695,-86.815,0.31181310233254517,-0.2151132514379522,-0.17999083411102054,-0.33397906675962746,3.668218342045193,-0.18379800693919532,1.395425266570143,0.22049949014282183,1.1991189264813653,31.75,45.2184,52.9793,4.73359,5.5705,5.52623
2023-08-31,AQS,Alabama,33.5530560008695,-86.815,0.11174826604462297,0.13941357351257294,0.7929002228316799,0.7859268730906769,2.4475024162405767,-0.18379800693919532,0.8013996073049995,-0.7301036611388401,1.1991189264813653,31.75,45.2184,52.9793,4.73359,5.5705,5.52623
2023-03-09,AQS,Alabama,33.5530560008695,-86.815,0.08674016150863281,0.050781867274941654,0.2572635735036764,1.1218986550457677,-0.34270541416997535,-0.18379800693919532,0.29223475650630515,0.9118472365294849,0.9366128623269594,31.75,45.2184,52.9793,4.73359,5.5705,5.52623
2023-04-09,AQS,Alabama,33.5530560008695,-86.815,0.8869995066603208,0.050781867274941654,0.32285173464588107,0.7859268730906769,-0.40083474397019525,-0.18379800693919532,0.6316779903721014,-0.21159285134884268,0.831610436665197,31.75,45.2184,52.9793,4.73359,5.5705,5.52623
2023-05-09,AQS,Alabama,33.5530560008695,-86.815,0.7369508794443793,0.9370989296512545,-0.16905947392065296,-0.10999787878956643,-0.34270541416997535,-0.18379800693919532,0.12251313957340702,-0.9029405977355058,1.0153646815732813,31.75,45.2184,52.9793,4.73359,5.5705,5.52623
2023-06-09,AQS,Alabama,33.5530560008695,-86.815,0.03672395243665248,0.13941357351257294,-0.98891148819821,-0.445969660744658,-0.19738208966942578,-0.18379800693919532,0.20737394803985607,-0.9893590660338388,1.1597430168582041,31.75,45.2184,52.9793,4.73359,5.5705,5.52623
2023-07-09,AQS,Alabama,33.5530560008695,-86.815,0.5368860431564576,-0.03784983896268963,-1.633861739429888,0.0019927151954640693,0.29671721363244274,0.6070806461071747,0.7165387988385504,-1.507869875823836,1.3434972617662886,31.75,45.2184,52.9793,4.73359,5.5705,5.52623
2023-08-09,AQS,Alabama,33.5530560008695,-86.815,0.5618941476924477,1.380257460839411,1.1754978294945397,0.7859268730906769,3.0869250440429945,0.6070806461071747,0.6316779903721014,-0.9893590660338388,1.1203671072350432,31.75,45.2184,52.9793,4.73359,5.5705,5.52623
2023-09-09,AQS,Alabama,33.5530560008695,-86.815,-0.13833277931527957,0.49394039846309806,0.26819493369404396,0.22597390316552432,-0.19738208966942578,-0.18379800693919532,0.20737394803985607,-0.7301036611388401,0.7266080110034345,31.75,45.2184,52.9793,4.73359,5.5705,5.52623
2023-10-09,AQS,Alabama,33.5530560008695,-86.815,-0.33839761560320153,0.3166769859878355,-1.2512641327670282,0.44995509113558535,-0.31364074926986546,0.6070806461071747,0.20737394803985607,-0.5572667245421742,0.6084802821339521,31.75,45.2184,52.9793,4.73359,5.5705,5.52623
2023-11-09,AQS,Alabama,33.5530560008695,-86.815,0.18677257965259392,1.468889167077042,-0.9451860474367402,0.3379644971505548,1.4011744798366195,1.3979592991535443,0.29223475650630515,0.13408102184448883,0.9759887719501203,31.75,45.2184,52.9793,4.73359,5.5705,5.52623
2023-12-09,AQS,Alabama,33.5530560008695,-86.815,-0.11332467477928918,1.9120476982651986,-0.45327483887020614,1.0099080610607372,1.2849158202361801,-0.974676659985565,0.7165387988385504,-0.5572667245421742,0.831610436665197,31.75,45.2184,52.9793,4.73359,5.5705,5.52623
2023-09-13,AQS,Alabama,33.5530560008695,-86.815,0.2117806841885841,0.3166769859878355,-1.0982250901018842,1.2338892490307982,-0.48802873867052493,-0.18379800693919532,0.29223475650630515,-1.5942883441221691,0.9366128623269594,31.75,45.2184,52.9793,4.73359,5.5705,5.52623
2023-09-14,AQS,Alabama,33.5530560008695,-86.815,-0.43843003374716244,0.3166769859878355,-0.4751375592509409,0.22597390316552432,-0.3717700790700853,-0.18379800693919532,0.20737394803985607,-0.4708482562438416,0.9759887719501203,31.75,45.2184,52.9793,4.73359,5.5705,5.52623
2023-09-19,AQS,Alabama,33.5530560008695,-86.815,0.03672395243665248,0.759835517175992,0.9350079053064565,0.6739362791056464,0.006070564631343571,-0.18379800693919532,0.12251313957340702,-0.9029405977355058,0.5428537660953506,31.75,45.2184,52.9793,4.73359,5.5705,5.52623
2023-09-21,AQS,Alabama,33.5530560008695,-86.815,-0.6134867654990942,1.2029940483641484,0.891282464544987,1.1218986550457677,2.7962783950418957,0.6070806461071747,-0.30179090275883824,-1.2486144709288376,0.3197236115641057,31.75,45.2184,52.9793,4.73359,5.5705,5.52623
2023-09-26,AQS,Alabama,33.5530560008695,-86.815,-0.23836519745924045,1.8234159920275672,0.33378309483624824,0.7859268730906769,3.2613130334436544,-0.974676659985565,-0.8958165620239816,-1.4214514075255034,0.5428537660953506,31.75,45.2184,52.9793,4.73359,5.5705,5.52623
2023-01-10,AQS,Alabama,33.5530560008695,-86.815,1.4121697019161163,0.5825721047007294,1.3613309527307862,1.2338892490307982,0.5001698679332123,-0.18379800693919532,0.5468171819056523,-1.5942883441221691,0.5428537660953506,31.75,45.2184,52.9793,4.73359,5.5705,5.52623
2023-02-10,AQS,Alabama,33.5530560008695,-86.815,0.6369184613004182,0.49394039846309806,-0.26744171563396,0.6739362791056464,-0.3717700790700853,0.6070806461071747,-0.6412341366246345,-1.1621960026305047,0.7528586174188755,31.75,45.2184,52.9793,4.73359,5.5705,5.52623
2023-03-10,AQS,Alabama,33.5530560008695,-86.815,-1.5888028424027143,1.6461525795523047,0.6617239005472709,0.7859268730906769,0.18045855403200312,0.6070806461071747,-0.7260949450910835,-0.9029405977355058,0.9103622559115189,31.75,45.2184,52.9793,4.73359,5.5705,5.52623
2023-04-10,AQS,Alabama,33.5530560008695,-86.815,-1.7638595741546461,2.7983647606415114,-1.3059209337188653,1.6818516249709201,0.7326871871340915,-0.18379800693919532,-0.6412341366246345,-0.9893590660338388,0.792234527042036,31.75,45.2184,52.9793,4.73359,5.5705,5.52623
2023-05-10,AQS,Alabama,33.5530560008695,-86.815,-0.9385921244669675,1.2029940483641484,0.7273120616894757,1.3458798430158285,-0.22644675456953572,0.6070806461071747,-0.8109557535575326,-0.9029405977355058,0.687232101380274,31.75,45.2184,52.9793,4.73359,5.5705,5.52623
2023-06-10,AQS,Alabama,33.5530560008695,-86.815,0.011715847900661873,0.49394039846309806,0.19167541236147168,0.6739362791056464,-0.28457608436975557,0.6070806461071747,-0.6412341366246345,-0.6436851928405072,0.5822296757185116,31.75,45.2184,52.9793,4.73359,5.5705,5.52623
2023-07-10,AQS,Alabama,33.5530560008695,-86.815,1.1120724474842332,-0.39237666391321474,1.2192232702560097,-0.669950848714719,0.20952321893211304,0.6070806461071747,-0.13206928582594016,-0.12517438305050968,0.6084802821339521,31.75,45.2184,52.9793,4.73359,5.5705,5.52623
2023-08-10,AQS,Alabama,33.5530560008695,-86.815,-0.9385921244669675,-0.8355351951013712,2.705888256145979,-0.7819414426997487,-0.3717700790700853,1.3979592991535443,0.9711212242378976,-0.8165221294371731,0.28034770194094477,31.75,45.2184,52.9793,4.73359,5.5705,5.52623
2023-09-10,AQS,Alabama,33.5530560008695,-86.815,-1.2386893788988507,1.114362342126517,-0.09253995258808108,-0.445969660744658,-0.052058765168876184,-0.18379800693919532,-1.404981412822676,0.7390102999328193,-0.559671703353154,31.75,45.2184,52.9793,4.73359,5.5705,5.52623
2023-10-10,AQS,Alabama,33.5530560008695,-86.815,-1.9389163059065777,1.5575208733146735,-0.7156274834390244,0.5619456851206158,-0.3717700790700853,2.188837952199914,-0.5563733281581854,-1.1621960026305047,-0.7434259482612381,31.75,45.2184,52.9793,4.73359,5.5705,5.52623
2023-12-10,AQS,Alabama,33.5530560008695,-86.815,-2.0139406195145484,-0.9241669013390025,-1.66665582000099,-0.445969660744658,-0.40083474397019525,-0.18379800693919532,-0.8958165620239816,-0.9029405977355058,0.2147211859023433,31.75,45.2184,52.9793,4.73359,5.5705,5.52623
2023-10-13,AQS,Alabama,33.5530560008695,-86.815,-1.7888676786906361,-0.5696400763884774,-0.98891148819821,0.22597390316552432,-0.34270541416997535,-0.18379800693919532,0.9711212242378976,-0.6436851928405072,0.0703428506174199,31.75,45.2184,52.9793,4.73359,5.5705,5.52623
2023-10-15,AQS,Alabama,33.5530560008695,-86.815,1.087064342948243,-1.45595713876479,0.7929002228316799,-0.5579602547296885,-0.16831742476931583,-0.974676659985565,0.8862604157714485,-0.12517438305050968,0.0309669409942594,31.75,45.2184,52.9793,4.73359,5.5705,5.52623
2023-10-16,AQS,Alabama,33.5530560008695,-86.815,-0.21335709292325028,-1.101430313814265,0.9240765451160894,-1.901847382550053,-0.34270541416997535,-0.974676659985565,-0.47151251969173635,1.7760319195128142,0.0703428506174199,31.75,45.2184,52.9793,4.73359,5.5705,5.52623
2023-10-17,AQS,Alabama,33.5530560008695,-86.815,-0.9636002290029578,-0.7469034888637399,0.19167541236147168,-1.4538850066099314,0.006070564631343571,-0.18379800693919532,0.8013996073049995,1.2575211097228163,-0.8090524642998396,31.75,45.2184,52.9793,4.73359,5.5705,5.52623
2023-10-18,AQS,Alabama,33.5530560008695,-86.815,-1.088640751682909,0.759835517175992,1.7548599195840138,-1.4538850066099314,0.09326455933167341,0.6070806461071747,0.03765233110695797,0.8254287682311519,-0.7434259482612381,31.75,45.2184,52.9793,4.73359,5.5705,5.52623
2023-10-22,AQS,Alabama,33.5530560008695,-86.815,-0.5134543473551334,0.5825721047007294,1.3613309527307862,0.44995509113558535,0.936139841434861,0.6070806461071747,-0.9806773704904307,0.6525918316344863,-0.04778487825206254,31.75,45.2184,52.9793,4.73359,5.5705,5.52623
2023-10-23,AQS,Alabama,33.5530560008695,-86.815,-0.3884138246751821,0.6712038109383607,-0.45327483887020614,0.1139833091804938,1.31398048513629,-0.18379800693919532,-1.150398987423329,-0.4708482562438416,-0.008408968628901569,31.75,45.2184,52.9793,4.73359,5.5705,5.52623
2023-10-24,AQS,Alabama,33.5530560008695,-86.815,-0.18834898838725989,0.759835517175992,-0.2893044360146948,0.7859268730906769,3.145054373843214,-0.18379800693919532,-1.6595638382220232,-0.6436851928405072,-0.008408968628901569,31.75,45.2184,52.9793,4.73359,5.5705,5.52623
2023-10-25,AQS,Alabama,33.5530560008695,-86.815,-0.1633408838512697,0.4053086922254668,0.21353813274220684,1.2338892490307982,-0.28457608436975557,-0.18379800693919532,-1.235259795889778,-0.21159285134884268,-0.04778487825206254,31.75,45.2184,52.9793,4.73359,5.5705,5.52623
2023-10-26,AQS,Alabama,33.5530560008695,-86.815,-1.2386893788988507,0.13941357351257294,0.7819688626413128,0.3379644971505548,-0.2555114194696457,-0.974676659985565,-1.9141462636213704,0.5661733633361533,0.2409717923177838,31.75,45.2184,52.9793,4.73359,5.5705,5.52623
2023-10-27,AQS,Alabama,33.5530560008695,-86.815,-1.663827156010685,1.2916257546017795,-0.059745872016978736,-0.22198847277459696,-0.2555114194696457,-0.974676659985565,-0.9806773704904307,0.5661733633361533,0.28034770194094477,31.75,45.2184,52.9793,4.73359,5.5705,5.52623
2023-10-28,AQS,Alabama,33.5530560008695,-86.815,-1.6388190514746948,0.3166769859878355,-1.4370972560032742,-0.10999787878956643,0.15139388913189317,0.6070806461071747,-0.6412341366246345,0.8254287682311519,0.6084802821339521,31.75,45.2184,52.9793,4.73359,5.5705,5.52623
2023-01-11,AQS,Alabama,33.5530560008695,-86.815,0.06173205697264265,-0.481008370150846,1.0552528674004984,-0.33397906675962746,-0.022994100268766242,0.6070806461071747,0.9711212242378976,1.6031949829161483,-0.4809198841068323,31.75,45.2184,52.9793,4.73359,5.5705,5.52623
2023-02-11,AQS,Alabama,33.5530560008695,-86.815,-0.06330846570730862,1.468889167077042,1.3503995925404186,-0.5579602547296885,0.03513522953145352,1.3979592991535443,-1.4898422212891251,1.2575211097228163,-1.2421874701546092,31.75,45.2184,52.9793,4.73359,5.5705,5.52623
2023-03-11,AQS,Alabama,33.5530560008695,-86.815,0.7119427749083892,1.380257460839411,2.7496136969074487,0.1139833091804938,-0.08112343006898613,2.188837952199914,-1.9141462636213704,-0.12517438305050968,-1.6753224760093788,31.75,45.2184,52.9793,4.73359,5.5705,5.52623
2023-04-11,AQS,Alabama,33.5530560008695,-86.815,0.11174826604462297,2.1779428169780926,2.213977047579445,0.5619456851206158,-0.022994100268766242,2.188837952199914,-1.7444246466884723,-0.8165221294371731,-1.4915682311012948,31.75,45.2184,52.9793,4.73359,5.5705,5.52623
2023-05-11,AQS,Alabama,33.5530560008695,-86.815,0.6369184613004182,2.089311110740461,0.9022138247353542,0.8979174670757074,-0.2555114194696457,1.3979592991535443,-1.9141462636213704,-0.29801131964717564,-0.9534307995847627,31.75,45.2184,52.9793,4.73359,5.5705,5.52623
2023-07-11,AQS,Alabama,33.5530560008695,-86.815,-1.463762319722763,2.886996466879143,0.8584883839738846,1.9058328129409805,-0.31364074926986546,2.188837952199914,-0.6412341366246345,-1.9399622173155007,-0.3365415488219089,31.75,45.2184,52.9793,4.73359,5.5705,5.52623
2023-08-11,AQS,Alabama,33.5530560008695,-86.815,-0.8635678108589968,1.2029940483641484,-1.6447930996202553,1.6818516249709201,-0.34270541416997535,-0.974676659985565,-0.9806773704904307,-0.29801131964717564,-0.15278730391382497,31.75,45.2184,52.9793,4.73359,5.5705,5.52623
2023-09-11,AQS,Alabama,33.5530560008695,-86.815,-0.7635353927150359,1.9120476982651986,-0.5844511611546152,0.7859268730906769,-0.2555114194696457,0.6070806461071747,-0.7260949450910835,-0.21159285134884268,0.0703428506174199,31.75,45.2184,52.9793,4.73359,5.5705,5.52623
2023-11-11,AQS,Alabama,33.5530560008695,-86.815,-0.6635029745710748,-0.8355351951013712,0.46495941712065725,-1.789856788565023,0.15139388913189317,-0.974676659985565,0.12251313957340702,-0.21159285134884268,0.28034770194094477,31.75,45.2184,52.9793,4.73359,5.5705,5.52623
2023-11-13,AQS,Alabama,33.5530560008695,-86.815,-0.23836519745924045,0.22804527975020422,-0.0816085923977139,-1.1179132246548402,0.18045855403200312,0.6070806461071747,-0.7260949450910835,0.047662553546155874,-0.37591745844506985,31.75,45.2184,52.9793,4.73359,5.5705,5.52623
2023-11-14,AQS,Alabama,33.5530560008695,-86.815,-1.0636326471469189,0.759835517175992,-0.3111671563954295,0.22597390316552432,-0.28457608436975557,-0.974676659985565,-0.21693009429238921,-0.6436851928405072,-0.4415439744836713,31.75,45.2184,52.9793,4.73359,5.5705,5.52623
2023-11-16,AQS,Alabama,33.5530560008695,-86.815,0.23678878872457423,-0.30374495767558346,1.0333901470197635,0.22597390316552432,0.8198811818344212,1.3979592991535443,-2.4233111144200645,0.13408102184448883,-0.4809198841068323,31.75,45.2184,52.9793,4.73359,5.5705,5.52623
2023-11-17,AQS,Alabama,33.5530560008695,-86.815,-0.9135840199309774,-0.30374495767558346,0.3119203744555135,0.6739362791056464,-0.34270541416997535,-0.974676659985565,-1.8292854551549214,0.8254287682311519,-0.2709150327833074,31.75,45.2184,52.9793,4.73359,5.5705,5.52623
2023-11-18,AQS,Alabama,33.5530560008695,-86.815,-1.5637947378667238,-0.5696400763884774,-1.0107742085789446,0.1139833091804938,-0.31364074926986546,-0.974676659985565,-1.150398987423329,0.8254287682311519,0.2147211859023433,31.75,45.2184,52.9793,4.73359,5.5705,5.52623
2023-11-19,AQS,Alabama,33.5530560008695,-86.815,-0.688511079107065,-0.2151132514379522,-1.1310191706729862,-0.669950848714719,-0.08112343006898613,0.6070806461071747,0.9711212242378976,-0.29801131964717564,0.05721754740969989,31.75,45.2184,52.9793,4.73359,5.5705,5.52623
2023-11-20,AQS,Alabama,33.5530560008695,-86.815,-0.33839761560320153,0.759835517175992,0.1807440521711045,0.22597390316552432,-0.2555114194696457,0.6070806461071747,0.12251313957340702,0.5661733633361533,-0.927180193169322,31.75,45.2184,52.9793,4.73359,5.5705,5.52623
2023-11-22,AQS,Alabama,33.5530560008695,-86.815,0.16176447511660375,-1.1900620200518963,0.9678019858775588,-1.0059226306698097,-0.2555114194696457,0.6070806461071747,-0.3866517112252873,2.467379665899477,-0.3365415488219089,31.75,45.2184,52.9793,4.73359,5.5705,5.52623
2023-11-23,AQS,Alabama,33.5530560008695,-86.815,-0.9886083335389481,-0.7469034888637399,-1.3168522939092326,-1.4538850066099314,-0.2555114194696457,-0.974676659985565,1.395425266570143,1.4303580463194823,-0.4809198841068323,31.75,45.2184,52.9793,4.73359,5.5705,5.52623
2023-11-24,AQS,Alabama,33.5530560008695,-86.815,-0.9385921244669675,-0.5696400763884774,0.12608725121926737,-1.1179132246548402,-0.19738208966942578,-0.18379800693919532,1.0559820327043465,0.13408102184448883,-1.5046935343090149,31.75,45.2184,52.9793,4.73359,5.5705,5.52623
2023-11-25,AQS,Alabama,33.5530560008695,-86.815,-0.9385921244669675,-0.2151132514379522,1.077115587781233,-0.7819414426997487,1.1686571606357403,2.188837952199914,1.1408428411707956,-1.680706812420502,-1.6490718695939381,31.75,45.2184,52.9793,4.73359,5.5705,5.52623
2023-11-26,AQS,Alabama,33.5530560008695,-86.815,-0.6134867654990942,-0.5696400763884774,2.771476417288184,-0.10999787878956643,0.20952321893211304,2.9797166052462836,-0.47151251969173635,-0.12517438305050968,-0.874678980338441,31.75,45.2184,52.9793,4.73359,5.5705,5.52623
2023-11-27,AQS,Alabama,33.5530560008695,-86.815,0.6119103567644281,-1.1900620200518963,1.8860362418684222,-1.6778661945799924,3.5228950175446436,0.6070806461071747,-0.21693009429238921,-0.21159285134884268,-0.9534307995847627,31.75,45.2184,52.9793,4.73359,5.5705,5.52623
2023-11-28,AQS,Alabama,33.5530560008695,-86.815,-0.9385921244669675,-0.9241669013390025,0.3009890142651459,-1.0059226306698097,-0.34270541416997535,0.6070806461071747,1.1408428411707956,0.9982657048278178,-1.2028115605314484,31.75,45.2184,52.9793,4.73359,5.5705,5.52623
2023-11-29,AQS,Alabama,33.5530560008695,-86.815,-1.1636650652908798,0.759835517175992,-1.2621954929573955,-0.33397906675962746,-0.2555114194696457,0.6070806461071747,-0.8109557535575326,0.30691795844115477,-1.7934502048788614,31.75,45.2184,52.9793,4.73359,5.5705,5.52623
2023-11-30,AQS,Alabama,33.5530560008695,-86.815,-0.8885759153949871,1.380257460839411,0.3009890142651459,0.22597390316552432,-0.08112343006898613,1.3979592991535443,-0.8109557535575326,-0.6436851928405072,-1.964079146579225,31.75,45.2184,52.9793,4.73359,5.5705,5.52623
2023-01-12,AQS,Alabama,33.5530560008695,-86.815,-0.788543497251026,0.22804527975020422,0.6070670995954338,0.5619456851206158,-0.13925275986920602,-0.18379800693919532,-0.8958165620239816,-0.3844297879455086,-1.6753224760093788,31.75,45.2184,52.9793,4.73359,5.5705,5.52623
2023-02-12,AQS,Alabama,33.5530560008695,-86.815,-1.4887704242587532,-1.101430313814265,0.5633416588339643,-1.6778661945799924,-0.22644675456953572,0.6070806461071747,-1.9990070720878195,1.2575211097228163,-1.1371850444928469,31.75,45.2184,52.9793,4.73359,5.5705,5.52623
2023-05-12,AQS,Alabama,33.5530560008695,-86.815,-0.41342192921117227,-0.481008370150846,-1.3496463744803349,-0.33397906675962746,-0.7205460578714044,-0.974676659985565,0.00041490172018718025,-0.21159285134884268,-0.7303006450535177,31.75,45.2184,52.9793,4.73359,5.5705,5.52623
2023-06-12,AQS,Alabama,33.5530560008695,-86.815,-1.8388838877626168,-1.101430313814265,-1.5573422180973158,-0.669950848714719,-0.7205460578714044,-0.974676659985565,0.00041490172018718025,0.6525918316344863,-1.1371850444928469,31.75,45.2184,52.9793,4.73359,5.5705,5.52623
2023-07-12,AQS,Alabama,33.5530560008695,-86.815,-1.7388514696186557,0.759835517175992,1.1754978294945397,-0.7819414426997487,-0.19738208966942578,1.3979592991535443,0.00041490172018718025,0.6525918316344863,-1.2815633797777701,31.75,45.2184,52.9793,4.73359,5.5705,5.52623
2023-08-12,AQS,Alabama,33.5530560008695,-86.815,-0.5384624518911235,0.3166769859878355,1.339468232350051,-0.5579602547296885,-0.31364074926986546,1.3979592991535443,0.00041490172018718025,0.30691795844115477,-1.5309441407244557,31.75,45.2184,52.9793,4.73359,5.5705,5.52623
2023-09-12,AQS,Alabama,33.5530560008695,-86.815,1.0620562384122527,-0.7469034888637399,0.8584883839738846,-0.33397906675962746,-0.42989940887030514,1.3979592991535443,0.00041490172018718025,-0.6436851928405072,-1.3471898958163715,31.75,45.2184,52.9793,4.73359,5.5705,5.52623
2023-12-13,AQS,Alabama,33.5530560008695,-86.815,-1.463762319722763,0.050781867274941654,-1.1200878104826189,-0.5579602547296885,-0.6914813929712944,-0.974676659985565,0.00041490172018718025,-0.9893590660338388,-1.859076720917463,31.75,45.2184,52.9793,4.73359,5.5705,5.52623
2023-12-14,AQS,Alabama,33.5530560008695,-86.815,-1.6888352605466752,0.13941357351257294,-0.9014606066752704,-0.33397906675962746,-0.5752227333708547,-0.974676659985565,0.00041490172018718025,-1.5942883441221691,-1.5703200503476165,31.75,45.2184,52.9793,4.73359,5.5705,5.52623
2023-12-15,AQS,Alabama,33.5530560008695,-86.815,-1.6388190514746948,-0.8355351951013712,0.9240765451160894,-0.5579602547296885,0.529234532833322,-0.18379800693919532,0.00041490172018718025,-1.4214514075255034,-1.3471898958163715,31.75,45.2184,52.9793,4.73359,5.5705,5.52623
2023-12-16,AQS,Alabama,33.5530560008695,-86.815,-0.9886083335389481,-1.0127986075766338,1.5034386352055624,-0.5579602547296885,2.4765670811406872,1.3979592991535443,0.00041490172018718025,-0.7301036611388401,-1.058433225246525,31.75,45.2184,52.9793,4.73359,5.5705,5.52623
2023-12-17,AQS,Alabama,33.5530560008695,-86.815,0.03672395243665248,-1.2786937262895275,1.284811431398214,-0.5579602547296885,1.1977218255358504,2.188837952199914,0.00041490172018718025,0.7390102999328193,-1.058433225246525,31.75,45.2184,52.9793,4.73359,5.5705,5.52623
2023-12-18,AQS,Alabama,33.5530560008695,-86.815,1.012040029340272,-1.2786937262895275,1.9734871233913622,-1.6778661945799924,-0.08112343006898613,2.9797166052462836,0.00041490172018718025,1.7760319195128142,-0.9140548899616018,31.75,45.2184,52.9793,4.73359,5.5705,5.52623
2023-12-19,AQS,Alabama,33.5530560008695,-86.815,0.4118455204765063,-1.0127986075766338,1.426919113872991,-0.669950848714719,0.06419989443156346,1.3979592991535443,0.00041490172018718025,-0.12517438305050968,-1.2028115605314484,31.75,45.2184,52.9793,4.73359,5.5705,5.52623
2023-12-20,AQS,Alabama,33.5530560008695,-86.815,-0.3634057201391917,-0.1264815452003209,-0.39861803791836903,-0.7819414426997487,2.6800197354414563,1.3979592991535443,0.00041490172018718025,0.9118472365294849,-1.6096959599707774,31.75,45.2184,52.9793,4.73359,5.5705,5.52623
2023-12-21,AQS,Alabama,33.5530560008695,-86.815,-1.7638595741546461,1.2916257546017795,-0.759352924200494,-0.669950848714719,-0.6333520631710745,-0.18379800693919532,0.00041490172018718025,-0.7301036611388401,-2.108457481864148,31.75,45.2184,52.9793,4.73359,5.5705,5.52623
2023-12-22,AQS,Alabama,33.5530560008695,-86.815,-1.4387542151867725,1.114362342126517,0.1151558910288998,-1.0059226306698097,-0.5461580684707449,0.6070806461071747,0.00041490172018718025,-0.9893590660338388,-1.7540742952557005,31.75,45.2184,52.9793,4.73359,5.5705,5.52623
2023-12-24,AQS,Alabama,33.5530560008695,-86.815,-1.463762319722763,-0.9241669013390025,0.2572635735036764,0.1139833091804938,-0.5461580684707449,-0.18379800693919532,0.00041490172018718025,-0.9029405977355058,-1.058433225246525,31.75,45.2184,52.9793,4.73359,5.5705,5.52623
2023-12-25,AQS,Alabama,33.5530560008695,-86.815,-0.7385272881790456,-1.5445888450024214,-1.6010676588587855,-0.10999787878956643,-0.6914813929712944,-0.974676659985565,0.00041490172018718025,-0.3844297879455086,-0.7040500386380771,31.75,45.2184,52.9793,4.73359,5.5705,5.52623
2023-12-26,AQS,Alabama,33.5530560008695,-86.815,-1.088640751682909,-0.9241669013390025,-0.37675531753763425,-1.0059226306698097,-0.6042873982709646,0.6070806461071747,0.00041490172018718025,2.121705792706145,-0.45466927769139154,31.75,45.2184,52.9793,4.73359,5.5705,5.52623
2023-12-27,AQS,Alabama,33.5530560008695,-86.815,-0.8385597063230066,2.1779428169780926,1.339468232350051,-2.4618003524752052,-0.5461580684707449,2.188837952199914,0.00041490172018718025,1.3439395780211496,-0.4809198841068323,31.75,45.2184,52.9793,4.73359,5.5705,5.52623
2023-12-28,AQS,Alabama,33.5530560008695,-86.815,0.1639936097827645,-1.45595713876479,0.03540872574039754,-1.1179132246548402,1.3670902906362123,0.07395353179736554,0.00041490172018718025,-0.29801131964717564,-1.2815633797777701,31.75,45.2184,52.9793,4.73359,5.5705,5.52623
2023-12-29,AQS,Alabama,33.5530560008695,-86.815,0.1639936097827645,-1.3673254325271589,0.03540872574039754,-1.3418944126249013,1.3670902906362123,0.07395353179736554,0.00041490172018718025,-0.5572667245421742,-1.3996911086472528,31.75,45.2184,52.9793,4.73359,5.5705,5.52623
2023-12-30,AQS,Alabama,33.5530560008695,-86.815,0.1639936097827645,-1.2786937262895275,0.03540872574039754,-1.4538850066099314,1.3670902906362123,0.07395353179736554,0.00041490172018718025,0.13408102184448883,-1.8328261145020222,31.75,45.2184,52.9793,4.73359,5.5705,5.52623
2023-12-31,AQS,Alabama,33.5530560008695,-86.815,0.1639936097827645,-0.39237666391321474,0.03540872574039754,-2.3498097584901747,1.3670902906362123,0.07395353179736554,0.00041490172018718025,0.8254287682311519,-1.8328261145020222,31.75,45.2184,52.9793,4.73359,5.5705,5.52623
